,,Star_name,Distance,Mass,Radius,Proper name
SDSS J000013.54+255418.6[de],Pegasus,0h0m13.54s,25° 54′ 18″,,46.1,T4.5
2MASS J00040288-6410358,Tucana,0h4m2.88s,−64° 10′ 35.8″,,192,L1γ
LHS 102BC,Phoenix,0h4m34.84s,−40° 44′ 5.8″,,,L5
2MASS J00242463-0158201,Pisces,0h24m24.63s,−1° 58′ 20.1″,,37.7,M9.5
2MASS J00250365+4759191AB,Cassiopeia,0h25m3.65s,47° 59′ 19.1″,,143,L4
2MASS J00274197+0503417,Pisces,0h27m41.97s,5° 3′ 41.7″,,236,M9.5β
2MASS J00275592+2219328,Andromeda,0h27m55.92s,22° 19′ 32.8″,,46.9,M8
2MASSW J0030300-145033,Cetus,0h30m30.13s,−14° 50′ 33.3″,,87.2,L7
2MASS J00332386-1521309[de],Cetus,0h33m23.86s,−15° 21′ ″,,131,L1-L4β
2MASS J00345157+0523050,Pisces,0h34m51.57s,5° 23′ 5″,,31,T6.5
2MASS 0036+1821,Pisces,0h36m16.17s,18° 21′ 10.4″,12.47,28.6,L3.5
2MASSW J0045214+163445,Pisces,0h45m21.43s,16° 34′ 44.6″,,57,L2β
WISEP J004701.06+680352.1[fr],Cassiopeia,0h47m0.38s,68° 3′ 54.3″,,40,L7.5p
2MASS J00501994-3322402[de],Sculptor,0h50m19.94s,−33° 22′ 40.2″,,34,T7
2MASS J00034227-2822410,Sculptor,0h55m39.72s,−28° 22′ 42″,,,M7.5
2MASS J00584253-0651239[de],Cetus,0h58m42.53s,−6° 51′ 23.9″,,96,L0β
CFBDS J005910.90–011401.3,Cetus,0h59m10.83s,−1° 14′ 1.3″,18.08,30,T8.5
2MASSI J0103320+193536,Pisces,1h3m32.03s,19° ′ 35″,,70,L6β
SDSSp J010752.33+004156.1[de],Cetus,1h7m52.42s,−0° 41′ 56.3″,,51,L8
2MASSI J0117474-340325[de],Sculptor,1h17m47.48s,−34° 3′ 25.8″,,163,L2:
2MASS J01415823-4633574[de],Phoenix,1h41m58.23s,−46° 33′ 57.4″,,130,L0γ
SDSS J015141.69+124429.6,,1h51m41.55s,12° 44′ 30″,,70,T1
DENIS-P J020529.0−115925A,Cetus,2h5m29.401s,−11° 59′ 29.67″,,65,L5.5
DENIS-P J020529.0−115925B,Cetus,2h5m29.401s,−11° 59′ 29.67″,,65,L8
DENIS-P J020529.0−115925C,Cetus,2h5m29.401s,−11° 59′ 29.67″,,65,T0
SDSS J020742.48+000056.2[de],Cetus,2h7m42.84s,−0° 0′ 56.4″,,111,T4.5
2MASS J02103857-3015313,,2h10m38.57s,−30° 15′ 31.3″,,101,L0γ
2MASS J02340093-6442068,,2h34m0.93s,−64° 42′ 6.8″,,155,L0γ
2MASS J02411151-0326587[de],Cetus,2h41m11.51s,−3° 26′ 58.7″,,152,L0γ
2MASS J02431371−2453298,Fornax,2h43m13.71s,−24° 53′ 29.8″,,35,T6
LP 771-21,,2h48m41s,−16° 51′ 21.6″,,53,M8
2MASS J02511327+0047364,,2h51m13.27s,−0° 47′ 36.4″,,,M8
2MASS J02535980+3206373,,2h53m59.8s,32° 6′ 37.3″,,184,M7β
WISE J0254+0223,Cetus,2h54m9.45s,2° 23′ 59.1″,16.01,24,T8
DEN 0255-4700,Eridanus,2h55m3.57s,−47° 0′ 50.9″,22.92,16.2,L8
2MASS J03185403-3421292[de],Fornax,3h18m54.03s,−34° 21′ 29.2″,,45,L7
2MASS J03205965+1854233,,3h20m59.65s,18° 54′ 23.3″,,47,M8
2MASS J03231002-4631237,,3h23m10.02s,−46° 31′ 23.7″,,192,L0γ
SDSS J032553.17+042540.1,,3h25m53.22s,4° 25′ 40.6″,,59,T5.5
2MASS J03264225-2102057[de],Eridanus,3h26m42.25s,−21° 2′ 5.7″,,80,L5γ
2MASS J03284265+2302051[de],Taurus,3h28m42.65s,23° 2′ 5.1″,,98,L8
2MASS J03341218-4953322,,3h34m12.18s,−49° 53′ 32.2″,,27.0,M9
LP 944-20,Fornax,3h39m35.22s,−35° 25′ 44″,10.725,20.9,M9β
2MASP J0345432+254023,,3h45m43.16s,25° 40′ 23.3″,,88,L0
Teide 1,Taurus,3h47m18s,+24° 22′ 31″,,380,M8
2MASS J03510004-0052452,,3h51m0.04s,−0° 52′ 45.2″,,48,M8
2MASS J03552337+1133437,Taurus,3h55m23.37s,11° 33′ 43.7″,14.05,29.8,L5γ
DENIS-P J035726.9-441730[de],Horologium,3h57m26.95s,−44° 17′ 30.5″,14.37,130,L0β
2MASS J04151954−0935066,Eridanus,4h15m19.54s,−9° 35′ 6.6″,15.7,18.6,T8
SDSSp J042348.57-041403.5[de],Eridanus,4h23m48.58s,−4° 14′ 3.5″,14.5,50,L7.5
2MASS J04285096-2253227[de],Eridanus,4h28m50.96s,−22° 53′ 22.7″,,85,L0.5
2MASS J04351612-1606574,,4h35m16.13s,−16° 6′ 57.5″,,34,M7
2MASS J04362788-4114465,,4h36m27.88s,−41° 14′ 46.5″,,142,M8βγ
2MASS J04390101-2353083[de],Eridanus,4h39m1.01s,−23° 53′ 8.3″,,29.5,L6.5
2MASS J04414489+2301513,,4h41m44.9s,23° 1′ 58.07″,,470,M8.5
2MASS J04433764+0002040,,4h43m37.61s,−0° 2′ 5.1″,,82,M9γ
2MASS J04455387-3048204[de],Caelum,4h45m53.87s,−30° 48′ 20.4″,,42,L2
2MASS J04510093-3402150[de],Caelum,4h51m0.93s,−34° 2′ 15″,,69,L0.5
2MASS J05002100+0330501[de],Orion,5h0m21s,3° 30′ 50.1″,,44,L4
2MASS J05012406-0010452[de],Orion,5h1m24.06s,−0° 10′ 45.2″,,64,L4γ
2MASS J05160945-0445499[de],Orion,5h16m9.45s,−4° 45′ 49.9″,,73,T5.5
2MASS J0523−1403,Lepus,5h23m38.22s,−14° 3′ 2.2″,,40,L2.5
2MASS 0532+8246,Camelopardalis,5h32m53.46s,82° 46′ 46.5″,,81,L7
SDSS J053951.99-005902.0,,5h39m52s,−0° 59′ 1.9″,21.05,41.62,L5
2MASS J05591914-1404488[de],Lepus,5h59m19.14s,−14° 4′ 48.8″,,34,T4.5
LSR 0602+3910[de],Auriga,6h2m30.45s,39° 10′ 59.2″,20.88,34.6,L1β
2MASS J06085283-2753583,,6h8m52.83s,−27° 53′ 58.3″,,102,M8.5γ
WISEP J061135.13-041024.0A,,6h11m35.12s,−4° 10′ 24″,,69,L9
WISEP J061135.13-041024.0B,,6h11m35.12s,−4° 10′ 24″,,69,T1.5
2MASS J06244595-4521548[de],Puppis,6h24m45.95s,−45° 21′ 54.8″,,39,L5
2MASS J06411840-4322329[de],Puppis,6h41m18.4s,−43° 22′ 32.9″,,65,L1.5
DENIS-P J0652197-253450[de],Canis Major,6h52m19.77s,−25° 34′ 50.5″,,51,L0
2MASS J07003664+3157266[de],Gemini,7h0m36.64s,31° 57′ 26.6″,,40,L3.5:
2MASS J07075327-4900503,,7h7m53.27s,−49° 0′ 50.3″,,60,M9
UGPS J072227.51-054031.2,Monoceros,7h22m27.6s,−05° 40′ 38.4″,,13.4,T9
2MASSI J0727182+171001[de],Gemini,7h27m18.24s,17° 10′ 1.2″,,29.6,T7
2MASS J07290002-3954043[de],Puppis,7h29m0.02s,−39° 54′ 4.4″,,25.8,T8 pec
SDSS J074201.41+205520.5[de],Gemini,7h42m1.3s,20° 55′ 19.8″,,49,T5
2MASS J0746425+200032[fr],Gemini,7h46m42.56s,20° 0′ 32.1″,,49.6,L0.5
DENIS-P J0751164-253043[de],Puppis,7h51m16.45s,−25° 30′ 43.2″,,55,L2.5
2MASS J07522390+1612157,,7h52m23.9s,16° 12′ 15.7″,,60,M7βγ
DENIS J081730.0-615520,Carina,8h17m30.01s,−61° 55′ 15.8″,13.6,16.1,T6
DENIS J082303.1−491201A,Vela,8h23m3.13s,−49° 12′ 1.3″,,67,L1.5
DENIS J082303.1−491201B,Vela,8h23m3.13s,−49° 12′ 1.3″,,67,L5.5
2MASS J08251968+2115521[de],Cancer,8h25m19.68s,21° 15′ 52.1″,,35,L7.5
SDSSp J083008.12+482847.4[de],Lynx,8h30m8.25s,48° 28′ 48.2″,,43,L8
LHS 2021,,8h30m32.56s,9° 47′ 15.4″,,55,M6.5
SDSS J083048.80+012831.1[de],Hydra,8h30m48.78s,1° 28′ 31.1″,,77,T4.5
2MASSI J0835425-081923[de],Hydra,8h35m42.56s,−8° 19′ 23.7″,,23.53,L5
2MASSI J0847287-153237[de],Hydra,8h47m28.72s,−15° 32′ 37.2″,,43,L2
2MASS J08533619-0329321,,8h53m36.19s,−3° 29′ 32.1″,,27.6,M9
2MASSI J0859254-194926[de],Pyxis,8h59m25.47s,−19° 49′ 26.8″,,50,L6
2MASSW J0920122+351742[de],Lynx,9h20m12.23s,35° 17′ 42.9″,,95,L6.5
2MASSI J0937347+293142,Leo,9h37m34.87s,29° 31′ 40.9″,,20.0,T6p
2MASS 0939−2448,Antlia,9h39m35.48s,−24° 48′ 27.9″,16.83,17.4,T8
2MASS J09490860-1545485[de],Hydra,9h49m8.6s,−15° 45′ 48.5″,,59,T2
2MASS J10073369-4555147,,10h7m33.69s,−45° 55′ 14.7″,,46,T5
2MASSI J1010148-040649[de],Sextans,10h10m14.8s,−4° 6′ 49.9″,,55,L6
2MASSI J1017075+130839[de],Leo,10h17m7.54s,13° 8′ 39.8″,17.4,108,L2:
SDSS J102109.69-030420.1,,10h21m9.69s,−3° 4′ 19.7″,,95,T3
2MASS J10224821+5825453[de],Ursa Major,10h22m48.21s,58° 25′ 45.3″,,60,L1β
2MASSW J1036530-344138[de],Antlia,10h36m53.05s,−34° 41′ 38″,,53,L6
2MASS J1047538+212423[de],Leo,10h47m53.85s,21° 24′ 23.4″,15.8,34.4,T6.5
Luhman 16B,Vela,10h49m18.91s,−53° 19′ 10″,,6.516,T1
Luhman 16A,Vela,10h49m18.91s,−53° 19′ 10″,,6.516,L8
DENIS-P J1058.7−1548,Crater,10h58m47.87s,−15° 48′ 17.2″,14.155,49,L3
TWA 28,,11h2m9.83s,−34° 30′ 35.5″,,180,M8.5γ
Cha 110913-773444,Chamaeleon,11h9m14s,–77° 34′ 45″,21.59,163,L
OTS 44,Chamaeleon,11h10m12s,–76° 32′ 13″,,554,M9.5V
SDSS J111010.01+011613.1,,11h10m10.01s,1° 16′ 13″,,63,T5.5p
2MASS J11145133−2618235,Hydra,11h14m51.33s,−26° 18′ 23.5″,15.86,18.2,T7.5
TWA 26,,11h39m51.14s,−31° 59′ 21.5″,,137,M9γ
2MASSW J1146345+223053,,11h46m34.49s,22° 30′ 52.7″,,89,L3
2MASS J11544223-3400390[de],Hydra,11h54m42.23s,−34° 0′ 39″,14.2,129,L0β
2MASSW J1155395-372735[de],Centaurus,11h55m39.52s,−37° 27′ 35″,12.8,31,L2
TWA 27A,,12h7m33.46s,−39° 32′ 54″,,,M8
TWA 27B,,12h7m33.5s,−39° 32′ 54.4″,,,M8γ
2MASS J12074836-3900043,,12h7m48.36s,−39° 0′ 4.4″,,217,L0γ
2MASSI J1217110-031113[de],Virgo,12h17m11.1s,−3° 11′ 13.1″,15.86,36,T7.5
2MASS J12255432-2739466,,12h25m54.32s,−27° 39′ 46.6″,,43,T6
DENIS-P J1228.2-1547,Corvus,12h28m15.23s,−15° 47′ 34.2″,14.38,66,L5
2M 1237+6526,Draco,12h37m39.19s,65° 26′ 14.8″,16.05,45.6,T6.5
2MASSW J1239272+551537[de],Ursa Major,12h39m27.27s,55° 15′ 37.1″,14.7,119,L5
TWA 29,,12h45m14.16s,−44° 29′ 7.7″,,262,M9.5
SDSSp J125453.90-012247.4[de],Virgo,12h54m53.93s,−1° 22′ 47.4″,14.9,38,T2
Kelu-1A,Hydra,13h5m40.2s,−25° 41′ 6″,,61,L2
Kelu-1B,Hydra,13h5m40.2s,−25° 41′ 6″,,61,L4
2MASS J13204427+0409045,,13h20m44.27s,4° 9′ 4.5″,,101,L3:
SDSSp J132629.82-003831.5[de],Virgo,13h26m29.81s,−0° 38′ 31.4″,16.1,65,L8:
SDSSp J134646.45-003150.4[de],Virgo,13h46m46.34s,−0° 31′ 50.1″,16,48,T6.5
2MASS J13595510-4034582,,13h59m55.1s,−40° 34′ 58.2″,,51,L1
ULAS J141623.94+134836.3,,14h16m23.94s,13° 48′ 36.3″,,29.7,T7.5p
SDSS J141659.78+500626.4[de],Boötes,14h16m59.86s,50° 6′ 25.8″,22,149,L4.5
DENIS-P J142527.97-365023.4[de],Centaurus,14h25m27.98s,−36° 50′ 22.9″,14,38,L3:
LHS 2924,Boötes,14h28m43.23s,+33° 10′ 39.1″,19.74,38.5,M9V
2MASS J14392837+1929150,,14h39m28.36s,19° 29′ 14.9″,,47,L1
LSPM J1440+1339,,14h40m22.93s,13° 39′ 23″,,72,M8
2MASS J14482563+1031590[de],Boötes,14h48m25.63s,10° 31′ 59″,15,47,L4:
CFBDSIR 1458+10A,Boötes,14h58m29.0s,+10° 13′ 43″,19.83,104,T9
CFBDSIR 1458+10B,Boötes,14h58m29.0s,+10° 13′ 43″,21.85,104,Y0
TVLM 513-46546,Boötes,15h1m8.18s,+22° 50′ 2″,15.09,35.1,M8.5V
2MASS 1503+2525,Boötes,15h3m19.61s,25° 25′ 19.6″,,20.7,T5
CFBDS J150411+102717,,15h4m11.64s,10° 27′ 18.4″,,71,T7
2MASSW J1506544+132106[de],Boötes,15h6m54.41s,13° 21′ 6″,13,46,L3
2MASS 1507−1627,Libra,15h7m47.69s,−16° 27′ 38.6″,19,23.9,L5
TVLM 868-110639,,15h10m16.85s,−2° 41′ 7.8″,,53,M9
SDSS J151114.66+060742.9[de],Serpens,15h11m14.66s,6° 7′ 43.1″,25,89,T2
2MASSW J1515008+484742[de],Boötes,15h15m0.83s,48° 47′ 41.6″,14,34,L6
2MASSI J1526140+204341[de],Serpens,15h26m14.05s,20° 43′ 41.4″,16,67,L7
DENIS-P J153941.96-052042.4[de],Libra,15h39m41.89s,−5° 20′ 42.8″,14,51,L4
2MASS J15462718-3325111[de],Lupus,15h46m27.19s,−33° 25′ 11.2″,16,37,T5.5
2MASSW J1552591+294849[de],Corona Borealis,15h52m59.06s,29° 48′ 48.5″,13,68,L0β
2MASSW J1555157-095605[de],Libra,15h55m15.73s,−9° 56′ 5.5″,13,44,L1
2MASS J16150413+1340079[de],Hercules,16h15m4.13s,13° 40′ 7.9″,16,48,T6
SDSSp J162414.37+002915.6[de],Serpens,16h24m14.36s,0° 29′ 15.8″,,36,T6
2MASS J16262034+3925190[de],Hercules,16h26m20.34s,39° 25′ 19″,14.44,110,L4sd
2MASSW J1632291+190441[de],Hercules,16h32m29.11s,19° 4′ 40.7″,22,50,L8
WISEPA J164715.59+563208.2,,16h47m15.59s,56° 32′ 8.2″,,28,L9p
LSPM J1658+7027[de],Draco,16h58m3.8s,70° 27′ 1.5″,19,60,L1
2MASSI J1726000+153819,,17h26m0.07s,15° 38′ 19″,,114,L3β
2MASSW J1728114+394859,,17h28m11.5s,39° 48′ 59.3″,,79,L7
SDSSp J175032.96+175903.9,,17h50m32.93s,17° 59′ 4.2″,,90,T3.5
2MASS J18283572-4849046,,18h28m35.72s,−48° 49′ 4.6″,,39,T5.5
LSR J1835+3259,Lyra,18h35m37.9s,32° 59′ 54.5″,18.27,18.5,M8.5
2MASSW J1841086+311727,,18h41m8.61s,31° 17′ 27.9″,,138,L4p
2MASS J18432213+4040209,,18h43m22.13s,40° 40′ 20.9″,,46,M8
2MASS J20004841-7523070,,20h0m48.41s,−75° 23′ 7″,,105,M9γ
SDSS J204749.61-071818.3,,20h47m49.59s,−7° 18′ 18.2″,,65,T0:
2MASSI J2057540-025230,,20h57m54.09s,−2° 52′ 30.2″,,47,L1.5
2MASSW J2101154+175658,,21h1m15.44s,17° 56′ 58.6″,,108,L7.5
2MASSI J2104149-103736,,21h4m14.91s,−10° 37′ 36.9″,,62,L2.5
PSO J318.5−22,Capricornus,21h14m8.02s,−22° 51′ 35.8″,,80,L7VL-G
HB 2124-4228,,21h27m26.13s,−42° 15′ 18.3″,,113,M7.5
2MASS J21392676+0220226,Aquarius,21h39m26.77s,2° 20′ 22.7″,14.71,32.1,T1.5
2MASS J21481628+4003593,,21h48m16.33s,40° 3′ 59.4″,,26.3,L6
2MASS J14112131-2119503,,21h50m19.5s,−21° 19′ 50″,,,M9β
2MASSW J2206450-421721,,22h6m44.98s,−42° 17′ 20.8″,,93,L4γ
2MASSW J2208136+292121,,22h8m13.63s,29° 21′ 21.5″,,154,L3γ
2MASSW J2224438-015852,,22h24m43.81s,−1° 58′ 52.1″,,38,L4.5
2MASS J22282889-4310262,Grus,22h28m28.89s,−43° 10′ 26.2″,15.66,35,T6
2MASS J22373255+3922398,,22h37m32.55s,39° 22′ 39.8″,,64,M9.5
2MASSW J2244316+204343,,22h44m31.67s,20° 43′ 43.3″,,56,L6.5
2MASS J23224684-3133231,,23h22m46.84s,−31° 33′ 23.1″,,56,L0β
2MASS J23225299-6151275,,23h22m52.99s,−61° 51′ 27.5″,,148,L2γ
2MASS J23515044-2537367,,23h51m50.44s,−25° 37′ 36.7″,,67,M8
2MASSI J2356547-155310,,23h56m54.77s,−15° 53′ 11.1″,,74,T5.5
WISE 0005+3737,Andromeda,0h5m17.48s,37° 37′ 20.5″,18.33,23.2,T9
WISE 0008-1739,Cetus,0h8m49.75s,−17° 39′ 23.63″,17.03,87.1,T6
WISE 0015-4615,Phoenix,0h15m5.87s,−46° 15′ 17.6″,,48.6,T8
WISE 0031-3840,Sculptor,0h31m19.78s,−38° 40′ 36.3″,14.1,71.8,L2 pec
WISE 0032-4946,Phoenix,0h32m31.09s,−49° 46′ 51.4″,,62.9,T8.5
WISE 0038+2758,Andromeda,0h38m29.05s,27° 58′ 52.1″,,36.9,T9
WISE 0038+8405,Cepheus,0h38m30.54s,84° 5′ 17.7″,,101.8,T6
WISE 0040+0900,Pisces,0h40m24.88s,9° 0′ 54.8″,,47.6,T7
WISE 0049+0441,Pisces,0h49m28.48s,4° 40′ 59.82″,15.85,62.6,L9
WISE 0049+2151,Andromeda,0h49m45.61s,21° 51′ 20.0″,,24.1,T8.5
WISE 0106+1518,Pisces,1h6m37.05s,15° 18′ 52.57″,14.36,142.9,M8 pec
WISE 0123+4142,Andromeda,1h23m33.28s,41° 42′ 4.52″,17.38,67.2,T7
WISE 0135+1715,Pisces,1h35m25.64s,17° 15′ 3.4″,,77.3,T6
WISE 0138-0322,Cetus,1h38m36.59s,−3° 22′ 21.57″,16.36,57.7,T3
WISE 0146+4234,Andromeda,1h46m56.66s,42° 34′ 10.0″,18.71,20.5,Y0
WISE 0148-7202,Hydrus,1h48m7.4s,−72° 2′ 58.87″,18.96,30,T9.5
WISE 0150+3827,Andromeda,1h50m10.93s,38° 27′ 24.04″,16.07,61.3,T0
WISE 0206+2640,Aries,2h6m25.29s,26° 40′ 23.64″,16.53,58.4,L9 pec
WISE 0221+3842,Andromeda,2h21m5.99s,38° 42′ 2.73″,17.59,73.1,T6.5
WISE 0223-2932,Fornax,2h23m22.39s,−29° 32′ 57.63″,17.34,47,T7.5
WISE 0226-0211,Cetus,2h26m24s,−2° 11′ 42.51″,18.94,91,T7
WISE 0241-3653,Fornax,2h41m24.73s,−36° 53′ 28.0″,,53.8,T7
WISE 0245-3450,Fornax,2h45m12.62s,−34° 50′ 47.8″,,56.1,T8
WISE 0247+3725,Perseus,2h47m14.52s,37° 25′ 23.5″,,57.1,T8
WISE 0305+3954,Perseus,3h5m33.55s,39° 54′ 34.77″,17.13,75,T6
WISE 0307+2904,Aries,3h7m24.58s,29° 4′ 47.46″,17.78,82.8,T6.5
WISE 0313+7807,Cepheus,3h13m26.02s,78° 7′ 44.4″,17.65,28,T8.5
WISE 0316+4307,Perseus,3h16m24.35s,43° 7′ 9.1″,,106.3,T8
WISE 0321-7347,Hydrus,3h21m20.91s,−73° 47′ 58.8″,,84.8,T8
WISE 0323-6025,Reticulum,3h23m37.57s,−60° 25′ 54.5″,18.15,45.3,T8.5
WISE 0325-3854,Fornax,3h25m17.69s,−38° 54′ 54.1″,,51.2,T9
WISE 0325+0831,Taurus,3h25m47.72s,8° 31′ 18.2″,,36.5,T7
WISE 0333-5856,Reticulum,3h33m49.33s,−58° 56′ 18.6″,16,54.8,T3
WISE 0335+4310,Perseus,3h35m15.01s,43° 10′ 45.1″,,45.7,T9::
WISE 0336-0143,Eridanus,3h36m5.05s,−1° 43′ 50.4″,,55.4,T8::
WISE 0350-5658,Reticulum,3h50m0.32s,−56° 58′ 30.2″,22.8,17.7,Y1
WISE 0359-5401,Reticulum,3h59m34.06s,−54° 1′ 54.6″,21.56,19.2,Y0
WISE 0410+1502,Taurus,4h10m22.79s,15° 2′ 47.47″,19.25,20,Y0
WISE 0410+1411,Taurus,4h10m54.46s,14° 11′ 31.41″,17.16,85.8,T6
WISE 0413-4750,Horologium,4h13m58.14s,−47° 50′ 39.3″,,66.2,T9
WISE 0448-1935,Eridanus,4h48m53.31s,−19° 35′ 48.06″,16.99,69.8,T5 pec
WISE 0458+6434A,Camelopardalis,4h58m53.93s,64° 34′ 52.72″,17.50,35.9,T8.5
WISE 0458+6434B,Camelopardalis,4h58m53.93s,64° 34′ 52.72″,18.48,35.9,T9.5
WISE 0500-1223,Eridanus,5h0m3.03s,−12° 23′ 42.93″,17.82,47,T8
WISE 0513+0608,Orion,5h13m17.28s,6° 8′ 14.55″,16.21,44.7,T6.5
WISE 0525+6739,Camelopardalis,5h25m36.28s,67° 39′ 49.79″,17.49,98.2,T6 pec
WISE 0528-3308,Columba,5h28m44.53s,−33° 8′ 23.95″,16.67,57.4,T7 pec
WISE 0535-7500,Mensa,5h35m16.8s,−75° 0′ 24.9″,21.1,47,Y1
WISE 0539-1034,Orion,5h39m56.98s,−10° 34′ 36.71″,17.71,84.8,T5.5
WISE 0542-1628,Lepus,5h42m31.28s,−16° 28′ 28.96″,16.64,50.6,T6.5
WISE 0607+2429,Gemini,6h7m38.65s,24° 29′ 53.5″,14.22,25.4,L8
WISE 0611-0410,Monoceros,6h11m35.14s,−4° 10′ 24.17″,15.49,57.7,T0
WISE 0612-4920,Puppis,6h12m8.69s,−49° 20′ 23.9″,,95.2,T3.5
WISE 0612-3036,Canis Major,6h12m13.88s,−30° 36′ 12.2″,17,64.9,T6
WISE 0614+3912,Auriga,6h14m7.51s,39° 12′ 35.67″,16.93,50.2,T6
WISE 0614+0951,Orion,6h14m37.73s,9° 51′ 35.0″,,51.5,T7
WISE 0623-0456,Monoceros,6h23m9.91s,−4° 56′ 24.27″,17.51,37.5,T8
WISE 0625+5646,Lynx,6h25m42.27s,56° 46′ 25.55″,17.1,67.2,T6
WISE 0627-1114,Canis Major,6h27m20.08s,−11° 14′ 27.98″,15.49,37.2,T6
WISE 0647-6232,Pictor,6h47m23.23s,−62° 32′ 39.7″,22.65,28,Y1
WISE 0656+4205,Auriga,6h56m9.63s,42° 5′ 32.22″,15.45,54.1,T3
WISE 0713-2917,Canis Major,7h13m22.55s,−29° 17′ 51.9″,19.64,23.2,Y0
WISE 0723+3403,Gemini,7h23m12.44s,34° 3′ 13.5″,,45.7,T9:
WISE 0733+7544,Camelopardalis,7h33m47.94s,75° 44′ 39.2″,,78.3,T6
WISE 0734-7157,Volans,7h34m44.02s,−71° 57′ 44.0″,20.41,34.9,Y0
WISE 0744+5628,Lynx,7h44m57.28s,56° 28′ 21.12″,17.68,47.3,T8
WISE 0750+2725,Gemini,7h50m3.77s,27° 25′ 44.68″,19.02,51.5,T8.5
WISE 0751-7634,Chamaeleon,7h51m8.75s,−76° 34′ 49.54″,19.34,39.1,T9
WISE 0759-4904,Puppis,7h59m46.98s,−49° 4′ 54.13″,,38.8,T8
WISE 0811-8051,Chamaeleon,8h11m17.81s,−80° 51′ 41.3″,,32,T9.5:
WISE 0812+4021,Lynx,8h12m20.04s,40° 21′ 6.2″,,63.6,T8
WISE 0819-0335,Hydra,8h19m58.06s,−3° 35′ 28.52″,14.99,46,T4
WISE 0821+1443,Ursa Major,8h21m31.66s,14° 43′ 19.29″,16.78,68.2,T5.5
WISE 0836-1859,Pyxis,8h36m41.17s,−18° 59′ 47.18″,,72.4,T8 pec
WISE 0857+5604,Ursa Major,8h57m16.25s,56° 4′ 7.58″,17.65,42.1,T8
WISE 0906+4735,Ursa Major,9h6m49.34s,47° 35′ 38.2″,18.16,51.5,T8
WISE 0929+0409,Hydra,9h29m6.78s,4° 9′ 57.59″,17.21,64.9,T6.5
WISE 0952+1955,Leo,9h52m59.3s,19° 55′ 8.49″,17.13,72.1,T6
WISE 1018-2445,Hydra,10h18m8.05s,−24° 45′ 58.26″,,47.6,T8
WISE 1019+6529,Ursa Major,10h19m5.64s,65° 29′ 54.17″,16.59,56.8,T6
WISE 1039-1600,Hydra,10h39m7.73s,−16° 0′ 2.9″,,47.3,T7.5
WISE 1042-3842,Antlia,10h42m45.29s,−38° 42′ 37.86″,,53.2,T8.5
WISE 1051-2138,Hydra,10h51m30.01s,−21° 38′ 59.7″,,40.8,T9:
WISE 1122+2550,Leo,11h22m54.71s,25° 50′ 21.85″,16.67,57.7,T6
WISE 1124-0421,Leo,11h24m38.12s,−4° 21′ 49.7″,,50.6,T7
WISE 1147-2040,Hydra,11h47m24.21s,−20° 40′ 20.44″,,102,L7
WISE 1150+6302,Ursa Major,11h50m13.9s,63° 2′ 40.97″,17.72,32.9,T8
WISE 1217+1626A,Coma Berenices,12h17m56.96s,16° 26′ 39.98″,18.59,34.2,T9
WISE 1217+1626B,Coma Berenices,12h17m56.96s,16° 26′ 39.98″,20.26,34.2,Y0
WISE 1225-1013,Virgo,12h25m58.86s,−10° 13′ 45.0″,,55.4,T6
WISE 1311+0122,Virgo,13h11m6.21s,1° 22′ 53.61″,18.97,44.4,T9:
WISE 1311+3629,Canes Venatici,13h11m41.91s,36° 29′ 24.83″,15.55,86.1,L5 pec
WISE 1318-1758,Virgo,13h18m33.98s,−17° 58′ 26.5″,,32.9,T9:
WISE 1320+6034,Ursa Major,13h20m4.18s,60° 34′ 25.99″,16.95,56.1,T6.5
WISE 1322-2340,Hydra,13h22m33.63s,−23° 40′ 16.71″,17.01,33.9,T8
WISE 1348+6603,Draco,13h48m7.04s,66° 3′ 28.25″,17.17,91,L9
WISE 1405+5534,Ursa Major,14h5m18.27s,55° 34′ 21.22″,20.2,25.3,Y0 pec
WISE 1433-0837,Libra,14h33m11.42s,−8° 37′ 36.4″,,84.8,T8::
WISE 1436-1814,Libra,14h36m2.22s,−18° 14′ 21.87″,,60,T8 pec
WISE 1457+5815,Draco,14h57m15.03s,58° 15′ 9.93″,16.83,52.2,T7
WISE 1506+7027,Ursa Minor,15h6m49.89s,70° 27′ 36.23″,14.33,11.1,T6
WISE 1517+0529,Serpens,15h17m21.13s,5° 29′ 29.3″,,72.4,T8
WISE 1519+7009,Ursa Minor,15h19m6.69s,70° 9′ 30.92″,17.88,50.9,T8
WISE 1523+3125,Corona Borealis,15h23m5.1s,31° 25′ 37.6″,,84.5,T7 p
WISE 1541-2250,Libra,15h41m51.57s,−22° 50′ 25.03″,21.16,20,Y0.5
WISE 1542+2230,Serpens,15h42m14.0s,22° 30′ 5.2″,,41.1,T9.5
WISE 1612-3420,Scorpius,16h12m15.92s,−34° 20′ 28.61″,,55.4,T6.5
WISE 1614+1739,Hercules,16h14m41.48s,17° 39′ 35.44″,19.08,32.6,T9
WISE 1617+1807,Hercules,16h17m5.74s,18° 7′ 14.21″,17.66,50.2,T8
WISE 1622-0959,Scorpius,16h22m9.95s,−9° 55′ 34.78″,16.44,52.2,T6
WISE 1627+3255,Hercules,16h27m25.65s,32° 55′ 24.5″,16.61,50.2,T6
WISE 1639-6847,Triangulum Australe,16h39m40.83s,−68° 47′ 38.6″,,16.3,Y0
WISE 1647+5632,Draco,16h47m15.59s,56° 32′ 8.44″,16.59,28,T6
WISE 1653+4444,Hercules,16h53m11.03s,44° 44′ 22.71″,17.59,39.5,T8
WISE 1711+3500,Hercules,17h11m4.59s,35° 0′ 36.73″,17.89,60.3,T8
WISE 1717+6129,Draco,17h17m17.13s,61° 28′ 58.82″,18.49,72.7,T8
WISE 1721+1117,Ophiuchus,17h21m34.46s,11° 17′ 39.4″,,62.3,T6
WISE 1728+5716,Draco,17h28m44.97s,57° 16′ 42.9″,17.68,97.8,T6
WISE 1738+2732,Hercules,17h38m35.54s,27° 32′ 58.78″,19.47,20,Y0
WISE 1741+2553,Hercules,17h41m24.22s,25° 53′ 18.96″,16.53,18.9,T9
WISE 1746-0338,Ophiuchus,17h46m40.78s,−3° 38′ 18″,17.45,83.8,T6
WISE 1800+0134,Ophiuchus,18h0m26.60s,1° 34′ 53.1″,14.3,28.7,T7.5
WISE 1804+3117,Hercules,18h4m35.39s,31° 17′ 5.98″,18.7,30,T9.5:
WISE 1809+3838,Hercules,18h9m1.07s,38° 38′ 5.4″,,74.4,T8
WISE 1812+2721,Hercules,18h12m10.83s,27° 21′ 44.26″,18.19,47,T8.5:
WISE 1828+2650,Lyra,18h28m31.10s,26° 50′ 37.79″,23.57,36,Y2
WISE 1830+4542,Lyra,18h30m58.57s,45° 42′ 57.55″,,107,L9
WISE 1841+7000,Draco,18h41m24.75s,70° 0′ 38.54″,17.24,131.1,T5
WISE 1852+3537,Lyra,18h52m15.83s,35° 37′ 16.06″,16.5,55.4,T7
WISE 1906+4508,Lyra,19h6m24.73s,45° 8′ 6.88″,16.36,51.5,T6
WISE 1928+2356,Vulpecula,19h28m41.35s,23° 56′ 4.9″,,22.8,T6
WISE 1952+7240,Draco,19h52m46.61s,72° 40′ 0.61″,15.09,44.4,T4
WISE 1959-3338,Sagittarius,19h59m5.65s,33° 38′ 34.03″,16.87,37.2,T8
WISE 2030+0749,Delphinus,20h30m42.90s,7° 49′ 34.4″,14.23,34.2,T1.5
WISE 2014+0424,Aquila,20h14m4.13s,4° 24′ 8.5″,,96.2,T7 p
WISE 2015+6646,Draco,20h15m46.27s,66° 46′ 45.1″,,50.6,T8
WISE 2018-7423,Pavo,20h18m25s,−74° 23′ 27.99″,17.11,47.9,T7
WISE 2019-1148,Capricornus,20h19m20.76s,−11° 48′ 7.6″,,42.4,T8.5:
WISE 2056+1459,Delphinus,20h56m28.88s,14° 59′ 53.68″,19.21,24.5,Y0
WISE 2134-7137,Indus,21h34m56.81s,−71° 37′ 44.56″,19.8,42.7,T9 pec
WISE 2157+2659,Pegasus,21h57m51.34s,26° 59′ 31.25″,17.31,61.6,T7
WISE 2209-2734,Piscis Austrinus,22h9m22.05s,−27° 34′ 39.94″,16.81,46,T7
WISE 2213+0911,Pegasus,22h13m54.71s,9° 11′ 39.47″,16.98,58.7,T7
WISE 2220-3628,Grus,22h20m55.31s,−36° 28′ 17.4″,20.38,26.4,Y0
WISE 2226+0440,Pegasus,22h26m23.06s,4° 40′ 3.06″,16.9,45,T8
WISE 2237-0614,Aquarius,22h37m29.48s,−6° 14′ 34.36″,17.4,53.5,T5
WISE 2237+7228,Cepheus,22h37m20.39s,72° 28′ 33.8″,,46,T6
WISE 2239+1617,Pegasus,22h39m37.57s,16° 17′ 16″,16.18,59.7,T3
WISE 2255-3118,Piscis Austrinus,22h55m40.74s,−31° 18′ 42.11″,17.29,44.7,T8
WISE 2301+0216,Pisces,23h1m33.32s,2° 16′ 35.1″,,60.7,T6.5
WISE 2313-8037,Octans,23h13m36.45s,−80° 37′ 0.7″,16.97,35.9,T8
WISE 2319-1844,Aquarius,23h19m39.13s,−18° 44′ 4.15″,17.43,52.2,T7.5
WISE 2325-4105,Grus,23h25m19.54s,−41° 5′ 34.92″,19.75,37.5,T9 pec
WISE 2327-2730,Sculptor,23h27m28.74s,−27° 30′ 56.66″,16.68,70.8,L9
WISE 2335+4222,Andromeda,22h35m43.79s,42° 22′ 55.2″,,90.3,T7
WISE 2340-0745,Aquarius,23h40m26.6s,−7° 45′ 8.46″,16.15,37.8,T7
WISE 2342+0856,Pegasus,23h42m28.98s,8° 56′ 20.2″,,51.2,T6.5
WISE 2343-7418,Octans,23h43m51.3s,−74° 18′ 46.86″,16.13,48.6,T6
WISE 2344+1034,Pegasus,23h44m46.23s,10° 34′ 16.1″,18.8,46,T9
WISE 2348-1028,Aquarius,23h48m41.13s,−10° 28′ 44.11″,16.91,54.1,T7
WISE 2357+1227,Pegasus,23h57m16.49s,12° 27′ 41.8″,,54.8,T6
WISE 2359-7335,Tucana,23h59m41.08s,−73° 35′ 5.09″,16.16,42.7,T5.5
WISEA 1101+5400,Ursa Major,11h01m25.95s,+54° 00′ 52.8″,,111,T5.5
2M1510,Libra,15h10m47.47s,−28° 18′ 18.3″,,120,M9γ+M9γ
0.000−26.74,Sun,,0.000015813,G2,1,1
0.001−1.46,Sirius,α CMa,0008.6,A1,2.1,1.71
0.003−0.74,Canopus,α Car,0310,A9,15,71
0.004−0.27,Alpha Centauri,α Cen,0004.4,G2,1.1,1.2
0.005−0.05,Arcturus,α Boo,0037,K2,1.1,26
0.03,Vega,α Lyr,0025,A0,2.2,2.7
0.08,Capella,α Aur,0043,G8,2.6,12
0.13,Rigel,β Ori,0860,B8,23,78.9
0.34,Procyon,α CMi,0011.4,F5,1.5,1.9
0.45,Betelgeuse,α Ori,0640[1],M2,20,950
0.46,Achernar,α Eri,0144,B3,6.7,9.3
0.61,Hadar,β Cen,0390,B1,10.5,8.6
0.76,Altair,α Aql,0017,A7,1.8,1.8
0.76,Acrux,α Cru,0320,B0.5,18,8.9
0.86,Aldebaran,α Tau,0065,K5,1.5,44
0.96,Antares,α Sco,0600,M1.5,12,680
0.97,Spica,α Vir,0260,B1,11.43,7.47
1.14,Pollux,β Gem,0034,K0,1.9,8.8
1.16,Fomalhaut,α PsA,0025,A3,1.9,1.8
1.25,Deneb,α Cyg,"2,600",A2,19,203
1.25,Mimosa,β Crucis,0350,B0.5,16,8.4
1.39,Regulus,α Leo,0077,B7,3.8,3.1
1.50,Adhara,ε CMa,0430,B2,12.5,14
1.62,Shaula,λ Sco,0700,B2,14.5,8.8
1.62,Castor,α Gem,0052,A1,2.8,2.4
1.64,Gacrux,γ Cru,0088,M3.5,1.5,84
1.64,Bellatrix,γ Ori,0240,B2,8.6,5.8
1.65,Elnath,β Tau,0130,B7,5.0,4.2
1.69,Miaplacidus,β Car,0110,A1,3.5,6.8
1.69,Alnilam,ε Ori,"2,000",B0,32,42
1.72,Gamma Velorum,"γ1,2Vel","01,100",WC8,9.0,6
1.74,Alnair,α Gru,0101,B7,4.0,3.4
1.77,Alioth,ε UMa,0081,A1,2.9,4.2
1.77,Alnitak,ζ Ori,01050,O9.7,33,20
1.79,Dubhe,α UMa,0120,G9,4.25,30
1.80,Mirfak,α Per,0590,F5,8.5,68
1.82,Wezen,δ CMa,"1,600",F8,17,200
1.84,Sargas,θ Sco,0270,F0,5.7,26
1.85,Kaus Australis,ε Sgr,0140,B9.5,3.5,6.8
1.86,Avior,ε Car,0630,K3,9.0,130
1.86,Alkaid,η UMa,0104,B3,6.1,3.4
1.90,Menkalinan,β Aur,081,A1,2.39,2.77
1.91,Atria,α TrA,0390,K2,7,92
1.92,Alhena,γ Gem,0109,A1.5,2.8,3.3
1.94,Peacock,α Pav,0180,B3,5.9,4.8
1.96,Alsephina[2],δ Vel,0080,A1,2.4,2.9
1.98,Mirzam,β CMa,0500,B1,13.5,10
1.98,Polaris,α UMi,0430,F8,5.4,39
2.00,Alphard,α Hya,0180,K3,3.0,50
2.23,Mintaka,δ Ori,01200,O9.5,24,16.5
2.42,Scheat,β Peg,0196,M2.5,2.1,95
2.98,Almaaz,ε Aur,0653,F0,15,140
3.35,Rasalgethi,α Her,0360,M5,2.8,280
3.50,Tau Ceti,τ Cet,011.9,G8,0.783,0.893
3.56,Delta Pavonis,δ Pav,019.92,G8,0.991,1.22
3.74,Ran,ε Eri,010.48,K2,0.82,0.74
3.83,V382 Carinae,Car,"08,900",G2,20,485
4,Eta Carinae,η Car,"07,500",O,100,60 - 881
4.07,Delta Cephei,δ Cep,0887,F5,4.5,44.5
4.08,Mu Cephei,μ Cep,"06,000",M2,19.2,972
4.09,Titawin,υ And,044.25,F8,1.27,1.48
4.1,Rho Cassiopeiae,ρ Cas,"08,154",G2,22,636-981
4.82,P Cygni,P Cyg,"05,545",B1,30,76
4.86,La Superba,CVn,"01,000",C5,,129 - 342
4.91,VV Cephei,Cep,"04,900",M2,18.2,"516 - 1,050"
5.20,61 Cygni,Cyg,011.41,K5,0.7,0.665
5.4,R Doradus,Dor,0178,M8,0.7 - 1.0,298
5.47,Polaris Australis,Oct,0281,F0,1.59,3.74
5.71,R Coronae Borealis,Bor,"04,566",G0,0.85,85
5.88,54 Piscium,Psc,036.1,K0,0.76,0.94
6.57,Mira,ο Ceti,0300,M7,1.2,370
6.65,RW Cephei,Cep,"014,000",K2,13.9,"1,158"
6.67,Lacaille 8760,Mic,012.87,M0,0.6,0.51
6.75,V838 Monocerotis,Mon,"019,896",M6,?,380 - 750
7.20,HD 140283,Lib,0202,G0IV-V,0.81,2.04
7.4,II Pegasi,Peg,0130,K2,0.8,3.4
8.05,VY Canis Majoris,CMa,"03,900",M5,17,"1,420"
8.3,Pistol Star,Sgr,"025,000",B3,100,320
8.6,S Doradus,Dor,"0169,000",B8,24,380
8.9,UY Scuti,Sct,"05,100",M4,7 - 10,755
9.5,Barnard's Star,Oph,05.98,M4,0.14,0.20
11.13,HE 1523-0901,Lib,"010,000",CEMP-no,0.80,27
11.13,Proxima Centauri,Cen,04.25,M6,0.12,0.15
11.71,KIC 8462852,Cyg,"01,470",F3,1.43,1.58
12.23,R136a1,Dor,"0163,000",WN5,290,32
12.78,Melnick 42,Dor,"0163,000",O2,189,21.1
14.10,WR 102,Sag,"018,134",WO2,19,0.39
14.38,VFTS 352,Dor,"0164,000",O5,57.48,14.47
14.68,YBP 1194,Cnc,"02,772",G5,1.01,0.99
14.71,Gliese 1214,Oph,047.5,M4.5,0.16,0.21
16.20,Luhman 16,Vel,06.50,L7,0.03 + 0.03,?
16.6,NML Cygni,Cyg,"05,251",M6,50,"1,640 - 2,770"
17.30,VB 10,Aql,018.72,M8,0.075,0.10
18.46,WOH G64,Dor,"0163,000",M5,<20,"1,540 - 1,730"
18.80,TRAPPIST-1,Aqr,039.6,M8,0.089,0.12
21.05,2MASS J0523-1403,Lep,040.3,L2.5,0.07,0.086
25,WISE 0855−0714,Hya,07.27,Y2,0.003,?
28.4,Icarus,Leo,"014,400,000,000",B?,33,?
